变量,含义,N,均值,标准差,最小值,P25,中位数,P75,最大值
tfp_lp,"全要素生产率( LP 法, 对数)",2200,2.211,0.904,0.098,1.601,2.251,2.839,4.177
dig_index,"企业数字化转型程度(主指标, 行业年度去均值后标准化)",2200,0.005,0.966,-2.852,-0.546,0.121,0.65,1.915
dig_hits,数字化关键词词频(原始词次),2200,17.632,8.219,2.0,12.0,17.0,23.0,42.0
dig_ln,数字化关键词词频(ln(1+词次)),2200,2.812,0.51,1.099,2.565,2.89,3.178,3.761
size,企业规模(总资产自然对数),2200,22.425,0.836,20.56,21.819,22.432,23.011,24.408
lev,资产负债率,2200,0.449,0.15,0.097,0.344,0.449,0.553,0.806
roa,总资产收益率,2200,0.045,0.046,-0.061,0.013,0.046,0.076,0.149
growth,营业收入增长率,2200,0.119,0.221,-0.402,-0.037,0.119,0.264,0.638
cash,现金持有比例,2200,0.181,0.106,0.01,0.1,0.177,0.254,0.439
board,董事会规模(人数),2200,10.354,2.438,6.0,8.0,10.0,12.0,15.0
indep,独立董事比例,2200,0.373,0.049,0.3,0.336,0.37,0.405,0.521
dual,两职合一(董事长兼总经理=1),2200,0.23,0.421,0.0,0.0,0.0,0.0,1.0
top1,第一大股东持股比例,2200,0.366,0.14,0.052,0.273,0.363,0.465,0.679
sa_index,"融资约束(SA 指数, 数值越大约束越强)",2200,4.586,0.949,2.56,3.881,4.557,5.238,7.043
turnover,总资产周转率(运营效率),2200,0.639,0.391,0.05,0.347,0.634,0.904,1.603
