模型,变量,系数(标准误),系数,标准误,t值,p值,显著性,N
(1) 融资约束 SA,dig_index,"-0.0026**
(0.0012)",-0.0025653127918934013,0.0012455713014467083,-2.059547124210262,0.03957226183648852,**,2200
(1) 融资约束 SA,size,"1.1910***
(0.0039)",1.1910260860042292,0.003931205641121151,302.96712884868504,0.0,***,2200
(1) 融资约束 SA,lev,"0.0004
(0.0074)",0.0004315624053503345,0.007397481575825138,0.05833909837108269,0.9534844084245834,,2200
(1) 融资约束 SA,roa,"-0.0177
(0.0269)",-0.017694466990005833,0.026855197153056266,-0.6588842706742932,0.5100466615221717,,2200
(1) 融资约束 SA,growth,"-0.0077
(0.0054)",-0.007736972742883001,0.005374321539121649,-1.4396185056221051,0.15013335755834656,,2200
(1) 融资约束 SA,cash,"0.0063
(0.0120)",0.006329243279321151,0.01195708217341133,0.5293300813299865,0.5966358004010708,,2200
(1) 融资约束 SA,board,"0.0018
(0.0015)",0.0018281008736094095,0.0014904374665194104,1.2265532198935778,0.2201363243945199,,2200
(1) 融资约束 SA,indep,"-0.0605
(0.0616)",-0.06045955873250008,0.06164378352991384,-0.980789225942968,0.32681645476218724,,2200
(1) 融资约束 SA,top1,"0.0464
(0.0486)",0.046432240972232745,0.04860974037922139,0.9552044633441524,0.3395908538547189,,2200
(2) 运营效率 周转率,dig_index,"0.0165***
(0.0053)",0.016524170634862504,0.005346708034947937,3.0905316929323234,0.002025778377431914,***,2200
(2) 运营效率 周转率,size,"0.0465***
(0.0079)",0.04652345669665413,0.007863907594724058,5.916073674093906,3.8748864904917294e-09,***,2200
(2) 运营效率 周转率,lev,"-0.0063
(0.0296)",-0.00630586220872543,0.029588364936460738,-0.21311965775286656,0.8312555611730479,,2200
(2) 运营效率 周转率,roa,"0.0694
(0.0909)",0.06938510568954037,0.09091787592405327,0.7631624142594363,0.44545741075722534,,2200
(2) 运营效率 周转率,growth,"0.0190
(0.0188)",0.01904892922682294,0.018821647057361557,1.012075572810855,0.31162551679717343,,2200
(2) 运营效率 周转率,cash,"0.0397
(0.0410)",0.03968818084554459,0.04100588037634226,0.9678655958924882,0.3332296442017535,,2200
(2) 运营效率 周转率,board,"0.0012
(0.0046)",0.0011862055286322593,0.004577619503192837,0.25913152628891384,0.7955606843466931,,2200
(2) 运营效率 周转率,indep,"-0.4985**
(0.2326)",-0.4984816100033441,0.23258887969258754,-2.143187630733622,0.032219513452072523,**,2200
(2) 运营效率 周转率,top1,"0.0454
(0.2015)",0.045423131342922064,0.20148042653079076,0.22544686908323763,0.8216549081296781,,2200
