关键词,维度,来源,最近种子词,最大相似度,关联种子词数,语料频次,是否纳入
人工智能,技术应用,种子词典,人工智能,1.0,50,,是
大数据,技术应用,种子词典,大数据,1.0,50,,是
云计算,技术应用,种子词典,云计算,1.0,50,,是
区块链,技术应用,种子词典,区块链,1.0,50,,是
物联网,技术应用,种子词典,物联网,1.0,50,,是
5G,技术应用,种子词典,5G,1.0,50,,是
数据中心,技术应用,种子词典,数据中心,1.0,50,,是
机器学习,技术应用,种子词典,机器学习,1.0,50,,是
深度学习,技术应用,种子词典,深度学习,1.0,50,,是
算法,技术应用,种子词典,算法,1.0,50,,是
数字孪生,技术应用,种子词典,数字孪生,1.0,50,,是
工业互联网,技术应用,种子词典,工业互联网,1.0,50,,是
边缘计算,技术应用,种子词典,边缘计算,1.0,50,,是
智能工厂,技术应用,种子词典,智能工厂,1.0,50,,是
数字化车间,技术应用,种子词典,数字化车间,1.0,50,,是
智能装备,技术应用,种子词典,智能装备,1.0,50,,是
机器人,技术应用,种子词典,机器人,1.0,50,,是
自动化,技术应用,种子词典,自动化,1.0,50,,是
电子商务,商业模式,种子词典,电子商务,1.0,50,,是
平台化,商业模式,种子词典,平台化,1.0,50,,是
线上线下一体化,商业模式,种子词典,线上线下一体化,1.0,50,,是
数字化营销,商业模式,种子词典,数字化营销,1.0,50,,是
精准营销,商业模式,种子词典,精准营销,1.0,50,,是
用户画像,商业模式,种子词典,用户画像,1.0,50,,是
新零售,商业模式,种子词典,新零售,1.0,50,,是
跨境电商,商业模式,种子词典,跨境电商,1.0,50,,是
共享经济,商业模式,种子词典,共享经济,1.0,50,,是
数字营销,商业模式,种子词典,数字营销,1.0,50,,是
智能客服,商业模式,种子词典,智能客服,1.0,50,,是
直播电商,商业模式,种子词典,直播电商,1.0,50,,是
私域流量,商业模式,种子词典,私域流量,1.0,50,,是
数字化转型,战略引领,种子词典,数字化转型,1.0,50,,是
数字化战略,战略引领,种子词典,数字化战略,1.0,50,,是
数字生态,战略引领,种子词典,数字生态,1.0,50,,是
智能化转型,战略引领,种子词典,智能化转型,1.0,50,,是
数字经济,战略引领,种子词典,数字经济,1.0,50,,是
数字驱动,战略引领,种子词典,数字驱动,1.0,50,,是
战略升级,战略引领,种子词典,战略升级,1.0,50,,是
数字化升级,战略引领,种子词典,数字化升级,1.0,50,,是
数字中国,战略引领,种子词典,数字中国,1.0,50,,是
数智化,战略引领,种子词典,数智化,1.0,50,,是
数字化组织,组织赋能,种子词典,数字化组织,1.0,50,,是
数字人才,组织赋能,种子词典,数字人才,1.0,50,,是
组织变革,组织赋能,种子词典,组织变革,1.0,50,,是
流程再造,组织赋能,种子词典,流程再造,1.0,50,,是
数字化管理,组织赋能,种子词典,数字化管理,1.0,50,,是
敏捷组织,组织赋能,种子词典,敏捷组织,1.0,50,,是
中台,组织赋能,种子词典,中台,1.0,50,,是
数字素养,组织赋能,种子词典,数字素养,1.0,50,,是
数字化运营,组织赋能,种子词典,数字化运营,1.0,50,,是
云基础设施,组织赋能,词向量扩展,敏捷组织,0.9166,49,206.0,是
智能制造,商业模式,词向量扩展,用户画像,0.9151,50,221.0,是
智能生产,战略引领,词向量扩展,数字驱动,0.9123,49,200.0,是
智能仓储,组织赋能,词向量扩展,流程再造,0.9041,49,211.0,是
云服务,商业模式,词向量扩展,电子商务,0.9019,49,219.0,是
智慧物流,商业模式,词向量扩展,数字营销,0.8952,49,216.0,是
车联网,商业模式,词向量扩展,私域流量,0.8942,49,204.0,是
信息化,商业模式,词向量扩展,用户画像,0.8935,49,217.0,是
云平台,技术应用,词向量扩展,物联网,0.8924,49,221.0,是
数字基础设施,商业模式,词向量扩展,精准营销,0.8889,49,201.0,是
线上线下融合,组织赋能,词向量扩展,中台,0.8884,49,207.0,是
智慧运营,组织赋能,词向量扩展,敏捷组织,0.886,49,218.0,是
数字化协同,技术应用,词向量扩展,机器学习,0.884,49,200.0,是
智能运维,商业模式,词向量扩展,私域流量,0.8836,49,203.0,是
数字技术,技术应用,词向量扩展,智能工厂,0.8818,49,204.0,是
智能决策,技术应用,词向量扩展,数字孪生,0.8816,49,207.0,是
智慧城市,商业模式,词向量扩展,电子商务,0.8775,49,218.0,是
数据资产,商业模式,词向量扩展,用户画像,0.8763,49,189.0,是
智能化,技术应用,词向量扩展,深度学习,0.872,49,191.0,是
无人车间,商业模式,词向量扩展,用户画像,0.8701,49,200.0,是
网络化,商业模式,词向量扩展,私域流量,0.8686,50,196.0,是
智能识别,技术应用,词向量扩展,数字化车间,0.8676,49,182.0,是
数字工厂,战略引领,词向量扩展,数字生态,0.8637,49,219.0,是
智慧工厂,组织赋能,词向量扩展,敏捷组织,0.8593,49,212.0,是
数字化平台,商业模式,词向量扩展,平台化,0.8516,49,167.0,是
移动支付,技术应用,词向量扩展,智能工厂,0.8504,49,182.0,是
电商平台,战略引领,词向量扩展,数智化,0.8479,49,225.0,是
平台经济,技术应用,词向量扩展,自动化,0.8458,50,197.0,是
智能感知,商业模式,词向量扩展,私域流量,0.8447,49,216.0,是
数据驱动,技术应用,词向量扩展,深度学习,0.837,49,180.0,是
远程运维,组织赋能,词向量扩展,敏捷组织,0.8361,49,208.0,是
协同,组织赋能,词向量扩展,数字化管理,0.8269,10,3597.0,是
智能终端,组织赋能,词向量扩展,流程再造,0.8248,49,188.0,是
智能供应链,技术应用,词向量扩展,机器人,0.8233,49,186.0,是
智能家居,战略引领,词向量扩展,数字化升级,0.7741,49,220.0,是
数字化供应链,技术应用,词向量扩展,智能装备,0.7729,49,175.0,是
明显增强,组织赋能,词向量扩展,数字化管理,0.7126,3,3597.0,是
依托,组织赋能,词向量扩展,数字化管理,0.6456,1,3597.0,否
覆盖范围,组织赋能,词向量扩展,数字化管理,0.3895,10,3452.0,否
响应速度,组织赋能,词向量扩展,数字化管理,0.3093,5,3467.0,否
服务,技术应用,词向量扩展,智能工厂,0.2983,10,3425.0,否
储备,商业模式,词向量扩展,跨境电商,0.2948,11,3517.0,否
人才,商业模式,词向量扩展,跨境电商,0.2919,6,3517.0,否
运营,组织赋能,词向量扩展,数字化管理,0.2892,1,8015.0,否
模式,技术应用,词向量扩展,大数据,0.2863,14,3452.0,否
提供,战略引领,词向量扩展,数字驱动,0.2699,5,5077.0,否
环节,组织赋能,词向量扩展,数字化管理,0.2676,3,3508.0,否
领域,组织赋能,词向量扩展,数字化管理,0.2645,9,3604.0,否
强调,组织赋能,词向量扩展,敏捷组织,0.2585,6,3425.0,否
管理层,组织赋能,词向量扩展,敏捷组织,0.2451,7,6531.0,否
管理水平,战略引领,词向量扩展,战略升级,0.2373,3,3467.0,否
精细化,战略引领,词向量扩展,战略升级,0.2345,3,3467.0,否
物流配送,技术应用,词向量扩展,区块链,0.2306,4,2794.0,否
升级,商业模式,词向量扩展,线上线下一体化,0.2297,1,3508.0,否
支撑,商业模式,词向量扩展,跨境电商,0.227,1,3517.0,否
布局,组织赋能,词向量扩展,组织变革,0.2248,7,3604.0,否
推动,组织赋能,词向量扩展,数字化管理,0.2244,1,3508.0,否
推广应用,组织赋能,词向量扩展,数字化管理,0.2186,1,3425.0,否
抓手,组织赋能,词向量扩展,数字化管理,0.2177,1,3508.0,否
客户服务,商业模式,词向量扩展,新零售,0.2171,4,2841.0,否
供应链,组织赋能,词向量扩展,中台,0.2135,2,2758.0,否
风险管理,商业模式,词向量扩展,私域流量,0.2111,3,2784.0,否
投入,战略引领,词向量扩展,数字中国,0.2072,1,3502.0,否
市场营销,商业模式,词向量扩展,线上线下一体化,0.2067,3,2741.0,否
形成,战略引领,词向量扩展,数字中国,0.2045,1,5062.0,否
渠道,组织赋能,词向量扩展,数字化管理,0.2038,1,4391.0,否
改造,商业模式,词向量扩展,线上线下一体化,0.203,1,3508.0,否
发展,战略引领,词向量扩展,数字驱动,0.2005,1,1560.0,否
方向,商业模式,词向量扩展,精准营销,0.1986,0,3502.0,否
加大,战略引领,词向量扩展,数字中国,0.1944,0,5049.0,否
有所改善,战略引领,词向量扩展,战略升级,0.1914,0,3467.0,否
巩固,技术应用,词向量扩展,机器学习,0.191,0,5151.0,否
业务,战略引领,词向量扩展,数字化升级,0.1904,0,8525.0,否
竞争,组织赋能,词向量扩展,组织变革,0.1897,0,5167.0,否
加快,技术应用,词向量扩展,智能工厂,0.1848,0,3425.0,否
状况,技术应用,词向量扩展,智能装备,0.1803,0,1552.0,否
分化,技术应用,词向量扩展,数字化车间,0.1746,0,1563.0,否
应用,组织赋能,词向量扩展,数字化管理,0.174,0,3502.0,否
环保,战略引领,词向量扩展,数字中国,0.1714,0,3152.0,否
经营风险,技术应用,词向量扩展,机器学习,0.1636,0,1565.0,否
市场份额,商业模式,词向量扩展,跨境电商,0.1614,0,1522.0,否
重点,商业模式,词向量扩展,精准营销,0.1552,0,3502.0,否
质量,商业模式,词向量扩展,平台化,0.1547,0,4449.0,否
技术架构,组织赋能,词向量扩展,数字化管理,0.1541,0,3517.0,否
围绕,组织赋能,词向量扩展,组织变革,0.1538,0,3604.0,否
出现,技术应用,词向量扩展,机器学习,0.1528,0,1565.0,否
披露,商业模式,词向量扩展,精准营销,0.1504,0,1528.0,否
建设,组织赋能,词向量扩展,数字化管理,0.149,0,8529.0,否
合理,技术应用,词向量扩展,机器人,0.149,0,1581.0,否
控制,商业模式,词向量扩展,用户画像,0.1489,0,2859.0,否
结合,技术应用,词向量扩展,大数据,0.1462,0,3452.0,否
制造,战略引领,词向量扩展,数字中国,0.1459,0,2776.0,否
探索,组织赋能,词向量扩展,数字化管理,0.1441,0,3452.0,否
设计,商业模式,词向量扩展,私域流量,0.1425,0,2835.0,否
阶段性,组织赋能,词向量扩展,数字化管理,0.1405,0,3604.0,否
员工,技术应用,词向量扩展,数据中心,0.1401,0,1547.0,否
信息,商业模式,词向量扩展,精准营销,0.1358,0,1528.0,否
获得,战略引领,词向量扩展,数字化转型,0.1354,0,1563.0,否
捐赠,技术应用,词向量扩展,区块链,0.1331,0,1545.0,否
产能,技术应用,词向量扩展,自动化,0.125,0,1533.0,否
管理,技术应用,词向量扩展,自动化,0.121,0,11791.0,否
合规,技术应用,词向量扩展,自动化,0.117,0,1562.0,否
订单,组织赋能,词向量扩展,流程再造,0.1139,0,1541.0,否
继续加强,技术应用,词向量扩展,人工智能,0.1137,0,1560.0,否
行业,战略引领,词向量扩展,数字化转型,0.1114,0,4642.0,否
销售,商业模式,词向量扩展,直播电商,0.1097,0,1522.0,否
平稳,技术应用,词向量扩展,数字孪生,0.1087,0,1579.0,否
检修,商业模式,词向量扩展,直播电商,0.1069,0,1580.0,否
资产,组织赋能,词向量扩展,数字化管理,0.1045,0,1549.0,否
采购,技术应用,词向量扩展,数据中心,0.1028,0,3099.0,否
予以,技术应用,词向量扩展,深度学习,0.1027,0,1560.0,否
保障,技术应用,词向量扩展,数据中心,0.1027,0,1560.0,否
集中度,技术应用,词向量扩展,数据中心,0.1019,0,3055.0,否
优势,战略引领,词向量扩展,数字化战略,0.1014,0,5120.0,否
人才队伍,战略引领,词向量扩展,数字驱动,0.1013,0,1560.0,否
发生,战略引领,词向量扩展,数字中国,0.0999,0,1576.0,否
企业,组织赋能,词向量扩展,数字人才,0.0985,0,1516.0,否
不断完善,商业模式,词向量扩展,线上线下一体化,0.0969,0,1562.0,否
应收,商业模式,词向量扩展,直播电商,0.0936,0,1552.0,否
效率,商业模式,词向量扩展,线上线下一体化,0.0935,0,5057.0,否
现金流,商业模式,词向量扩展,直播电商,0.0854,0,1552.0,否
关系,商业模式,词向量扩展,精准营销,0.0852,0,1528.0,否
研发,战略引领,词向量扩展,数字化转型,0.0851,0,4382.0,否
资源配置,战略引领,词向量扩展,数字化战略,0.0841,0,1549.0,否
经营,商业模式,词向量扩展,平台化,0.0834,0,3169.0,否
坚持,商业模式,词向量扩展,跨境电商,0.0833,0,1579.0,否
激发,技术应用,词向量扩展,数据中心,0.0831,0,1547.0,否
产品,技术应用,词向量扩展,机器人,0.0827,0,1581.0,否
技术改造,技术应用,词向量扩展,自动化,0.0824,0,1533.0,否
结构,商业模式,词向量扩展,跨境电商,0.0812,0,3103.0,否
表示,技术应用,词向量扩展,大数据,0.0809,0,1590.0,否
盈利,商业模式,词向量扩展,用户画像,0.0807,0,1590.0,否
认为,组织赋能,词向量扩展,数字人才,0.0803,0,1516.0,否
项目,技术应用,词向量扩展,自动化,0.0798,0,1533.0,否
毛利率,技术应用,词向量扩展,机器人,0.0767,0,1581.0,否
结构性,技术应用,词向量扩展,数字化车间,0.0762,0,1563.0,否
格局,技术应用,词向量扩展,数字化车间,0.0746,0,1563.0,否
治理,技术应用,词向量扩展,自动化,0.074,0,1562.0,否
客户,战略引领,词向量扩展,智能化转型,0.0729,0,1522.0,否
主业,商业模式,词向量扩展,智能客服,0.0714,0,1590.0,否
供应商,战略引领,词向量扩展,数字经济,0.0711,0,1539.0,否
品牌,战略引领,词向量扩展,数字化战略,0.0708,0,1563.0,否
波动,技术应用,词向量扩展,机器人,0.0692,0,1560.0,否
重视,技术应用,词向量扩展,机器人,0.0686,0,1528.0,否
生产,组织赋能,词向量扩展,数字人才,0.0674,0,7512.0,否
明显,战略引领,词向量扩展,数字化转型,0.0659,0,3096.0,否
评估,技术应用,词向量扩展,数据中心,0.0657,0,1539.0,否
原材料,商业模式,词向量扩展,直播电商,0.0656,0,1560.0,否
所处,商业模式,词向量扩展,智能客服,0.0639,0,1541.0,否
义务,商业模式,词向量扩展,智能客服,0.0634,0,1528.0,否
绩效考核,商业模式,词向量扩展,跨境电商,0.0629,0,1547.0,否
影响力,技术应用,词向量扩展,大数据,0.0627,0,1563.0,否
防范,技术应用,词向量扩展,工业互联网,0.0627,0,1562.0,否
公益,技术应用,词向量扩展,区块链,0.0569,0,1545.0,否
稳中有升,技术应用,词向量扩展,机器人,0.0567,0,1522.0,否
履行,商业模式,词向量扩展,精准营销,0.0554,0,3073.0,否
对冲,商业模式,词向量扩展,线上线下一体化,0.0549,0,1560.0,否
社会,技术应用,词向量扩展,区块链,0.0547,0,1545.0,否
主营业务,战略引领,词向量扩展,数字化战略,0.0543,0,1579.0,否
区间,商业模式,词向量扩展,数字营销,0.0528,0,1581.0,否
账款,组织赋能,词向量扩展,组织变革,0.0525,0,1552.0,否
运行,组织赋能,词向量扩展,数字人才,0.052,0,1579.0,否
新增,组织赋能,词向量扩展,流程再造,0.052,0,1541.0,否
得到,技术应用,词向量扩展,数字化车间,0.051,0,1547.0,否
良好,技术应用,词向量扩展,机器人,0.05,0,1541.0,否
活动,技术应用,词向量扩展,人工智能,0.0493,0,1545.0,否
成本,技术应用,词向量扩展,机器人,0.0476,0,3141.0,否
头部,战略引领,词向量扩展,数字生态,0.0473,0,1516.0,否
投入产品,技术应用,词向量扩展,机器学习,0.0465,0,1547.0,否
有所提高,战略引领,词向量扩展,数智化,0.0463,0,1539.0,否
特征,技术应用,词向量扩展,机器人,0.0451,0,1563.0,否
积极性,技术应用,词向量扩展,机器人,0.045,0,1547.0,否
继续,技术应用,词向量扩展,大数据,0.0439,0,1590.0,否
规范,商业模式,词向量扩展,精准营销,0.0419,0,1528.0,否
荣誉,技术应用,词向量扩展,云计算,0.0418,0,1563.0,否
事故,商业模式,词向量扩展,跨境电商,0.0417,0,1576.0,否
集中,技术应用,词向量扩展,机器人,0.0411,0,1560.0,否
例行,商业模式,词向量扩展,直播电商,0.0408,0,1580.0,否
竞争力,商业模式,词向量扩展,直播电商,0.0408,0,1547.0,否
改善,技术应用,词向量扩展,大数据,0.0407,0,1552.0,否
经营性,组织赋能,词向量扩展,组织变革,0.0398,0,1552.0,否
事项,战略引领,词向量扩展,数字生态,0.0376,0,1565.0,否
利用率,商业模式,词向量扩展,直播电商,0.0371,0,1533.0,否
重新,技术应用,词向量扩展,数据中心,0.0369,0,1539.0,否
强化,技术应用,词向量扩展,自动化,0.0368,0,1562.0,否
安全,战略引领,词向量扩展,数字中国,0.0365,0,3152.0,否
体系,技术应用,词向量扩展,数据中心,0.0349,0,1547.0,否
压力,技术应用,词向量扩展,机器人,0.0339,0,1560.0,否
区域,组织赋能,词向量扩展,流程再造,0.0334,0,1541.0,否
聚焦,战略引领,词向量扩展,数字生态,0.0331,0,1590.0,否
价格,技术应用,词向量扩展,机器人,0.0323,0,1560.0,否
机制,技术应用,词向量扩展,自动化,0.0315,0,1562.0,否
导向,战略引领,词向量扩展,数字化战略,0.0314,0,1579.0,否
需求,商业模式,词向量扩展,直播电商,0.03,0,1563.0,否
稳定,技术应用,词向量扩展,数字化车间,0.0294,0,1563.0,否
参与,战略引领,词向量扩展,数字生态,0.0222,0,1545.0,否
管控,技术应用,词向量扩展,机器学习,0.0216,0,1581.0,否
责任,战略引领,词向量扩展,数字生态,0.0206,0,1545.0,否
市场,战略引领,词向量扩展,数字化战略,0.0202,0,3120.0,否
基地,技术应用,词向量扩展,机器学习,0.0148,0,1580.0,否
活跃,组织赋能,词向量扩展,流程再造,0.0147,0,1541.0,否
