stock_code,year,human_score,dim_tech,dim_biz,dim_strategy,dim_org
600121,2023,3.04,2.15,1.92,2.58,2.09
600038,2015,2.34,2.76,1.8,1.95,3.62
600125,2014,2.39,1.0,2.99,1.46,3.0
600124,2017,3.58,4.51,3.18,3.37,3.78
600191,2023,3.2,2.6,3.53,3.65,1.74
600161,2017,2.58,3.69,2.69,3.39,2.39
600053,2017,2.76,1.0,2.1,2.71,1.77
600131,2019,2.7,1.62,3.04,1.93,2.92
600087,2015,3.12,3.39,2.98,3.19,3.17
600173,2023,3.63,3.7,3.37,3.78,3.51
600094,2014,2.78,1.0,2.37,3.17,1.92
600167,2023,4.21,2.35,3.73,3.93,4.27
600119,2016,2.76,2.64,2.63,1.86,2.16
600027,2022,2.98,3.26,2.88,2.4,4.02
600177,2014,2.24,3.06,3.33,1.84,2.97
600011,2015,1.92,1.0,1.7,1.39,1.79
600169,2017,3.56,2.05,2.98,2.7,3.81
600091,2018,2.84,3.4,2.0,2.39,2.32
600020,2021,2.79,3.22,3.72,2.04,2.7
600194,2015,1.85,1.05,3.32,1.57,3.12
600147,2017,1.4,2.2,2.53,2.32,1.8
600108,2023,3.55,2.84,3.73,2.89,3.28
600018,2014,2.06,1.98,1.46,1.51,1.64
600115,2013,3.68,2.82,4.06,3.13,2.31
600032,2015,3.12,3.33,3.97,3.48,3.28
600043,2016,3.78,3.13,3.23,3.8,2.81
600143,2013,2.1,3.35,2.38,2.82,2.21
600157,2017,3.22,2.57,2.12,2.47,2.66
600054,2018,2.63,2.23,2.1,2.89,3.7
600044,2021,3.52,3.57,4.01,2.66,3.56
600122,2021,2.72,1.92,3.02,2.41,1.68
600103,2017,2.72,2.81,1.87,2.6,3.11
600145,2017,1.94,2.38,2.78,3.51,2.29
600138,2014,3.34,2.77,2.97,3.77,2.86
600088,2023,4.54,3.98,4.25,3.37,4.02
600125,2016,2.29,2.58,2.23,2.24,2.18
600051,2022,3.62,3.7,2.43,4.36,3.6
600168,2022,2.6,2.66,2.9,3.71,3.92
600171,2017,1.49,1.31,1.28,1.68,1.87
600043,2013,2.94,3.73,2.37,1.54,2.09
600084,2021,4.14,3.9,4.13,2.43,4.8
600023,2021,3.02,2.48,2.66,3.18,1.71
600031,2016,3.22,3.0,2.55,2.69,3.29
600177,2017,2.37,2.18,2.5,3.25,2.35
600131,2022,3.03,2.21,3.06,2.41,1.73
600008,2016,3.78,2.89,2.37,2.4,2.91
600098,2017,2.35,2.31,2.13,1.95,1.63
600171,2013,2.47,1.13,3.5,1.93,2.32
600143,2020,3.3,2.86,3.29,3.49,3.61
600111,2019,2.4,2.08,1.21,2.81,2.36
600109,2021,3.26,2.0,2.47,2.12,2.26
600159,2019,3.07,3.26,2.59,4.0,2.74
600156,2014,3.3,1.64,3.53,4.47,2.48
600165,2022,3.76,3.32,2.43,2.62,2.82
600067,2015,3.39,3.92,2.57,1.48,2.82
600016,2021,3.51,2.29,3.17,1.28,3.02
600173,2019,3.35,3.74,4.15,3.41,3.19
600089,2020,4.35,5.0,4.32,4.23,3.79
600051,2015,3.18,3.48,3.12,1.53,3.08
600089,2023,3.88,3.32,4.1,4.1,3.31
600020,2013,2.23,1.74,3.2,2.71,2.71
600146,2021,1.84,1.14,1.07,3.01,2.06
600187,2018,2.53,1.72,1.3,2.17,2.85
600190,2023,3.57,3.03,3.97,3.7,3.39
600120,2016,2.53,2.7,2.73,3.46,2.66
600043,2019,3.32,4.05,4.07,3.65,3.32
600025,2021,4.5,3.13,4.38,2.55,3.88
600150,2013,3.36,2.11,3.41,3.86,3.42
600163,2023,3.75,3.02,3.58,3.58,4.58
600010,2019,2.04,1.94,1.69,2.3,2.1
600091,2020,2.31,1.7,1.61,1.31,1.81
600138,2015,3.1,2.98,3.43,3.65,3.12
600199,2014,2.77,2.23,2.67,3.23,3.9
600059,2019,3.24,3.08,3.65,2.63,2.91
600165,2015,1.58,1.99,1.09,3.2,2.56
600149,2015,2.18,1.62,1.0,1.0,1.14
600117,2015,3.15,2.34,2.11,2.28,2.3
600065,2014,2.34,3.29,3.28,1.84,3.22
600137,2018,3.46,2.72,3.48,3.53,2.84
600190,2017,2.44,1.99,3.52,3.7,2.48
600094,2023,3.83,2.11,3.98,1.78,2.85
600071,2023,4.01,3.42,2.49,1.82,2.31
600122,2013,2.36,1.0,1.99,2.01,1.82
600084,2013,3.81,3.88,4.19,3.86,3.89
600083,2020,1.92,2.21,1.0,3.13,3.16
600066,2022,2.32,2.48,2.07,3.14,1.84
600187,2015,2.79,1.74,2.7,1.48,2.13
600179,2023,3.68,3.11,3.34,1.88,3.2
600171,2014,2.35,2.12,1.1,2.62,2.6
600173,2021,3.95,4.68,3.01,4.25,2.7
600132,2020,2.18,2.96,2.07,3.67,2.13
600078,2016,2.71,3.9,3.82,3.2,2.34
600108,2018,2.98,3.1,2.9,3.52,3.16
600128,2023,3.09,2.56,2.35,2.63,2.76
600100,2020,4.29,4.08,4.18,3.89,3.95
600182,2019,1.8,1.8,2.01,2.5,2.38
600160,2015,2.61,3.1,2.38,3.44,1.96
600147,2021,2.06,2.86,2.18,2.03,1.52
600072,2022,2.59,1.71,3.57,3.74,2.92
600137,2022,4.25,2.95,3.01,3.78,3.87
600123,2021,1.89,2.42,2.01,2.41,1.99
600105,2021,3.34,1.47,3.44,3.71,2.6
600025,2013,2.42,1.91,2.44,3.64,3.22
600156,2022,3.08,2.18,3.47,1.63,2.31
600146,2019,2.08,1.48,1.31,1.0,1.71
600053,2019,3.06,2.83,3.29,2.23,1.53
600120,2015,3.02,2.82,1.53,2.46,3.24
600073,2018,3.64,4.15,2.59,3.58,3.42
600154,2022,4.57,3.64,3.46,4.43,3.5
600066,2015,3.81,2.9,3.52,2.38,2.71
600059,2017,3.11,3.88,3.01,2.19,3.38
600184,2017,3.11,2.37,1.54,1.99,2.14
600181,2020,2.56,1.25,2.3,2.57,1.88
600061,2013,2.03,2.59,2.92,2.9,3.42
600004,2022,2.51,3.1,2.29,2.93,3.01
600039,2020,4.4,3.12,3.45,3.63,3.06
600006,2023,4.33,4.63,4.02,4.73,3.42
600083,2022,1.82,3.33,2.54,2.96,2.46
600058,2013,3.7,2.55,2.77,3.5,1.92
600153,2022,2.71,2.76,3.01,4.01,3.45
600108,2015,3.42,3.11,2.67,2.5,2.2
600138,2013,2.23,2.78,1.99,2.92,3.13
600107,2022,2.13,2.77,1.92,1.56,1.79
600195,2017,1.93,2.19,2.59,1.1,2.35
600156,2013,3.7,2.47,1.82,3.52,2.83
600002,2017,3.09,2.77,3.39,2.74,3.46
600031,2022,2.75,2.5,3.15,1.68,3.07
600042,2013,1.7,2.19,2.24,1.1,1.0
600084,2018,3.84,4.12,4.17,3.14,3.31
600109,2022,3.17,1.84,2.6,2.35,2.6
600007,2013,2.93,3.36,4.43,4.37,3.23
600092,2014,2.58,2.45,2.28,2.63,3.06
600186,2023,2.54,1.68,1.43,1.79,1.0
600191,2014,1.61,3.59,2.55,1.99,1.0
600142,2014,3.46,2.74,2.03,2.7,2.76
600088,2021,3.74,3.22,3.29,3.29,2.97
600044,2013,3.54,2.22,3.03,2.52,3.19
600173,2018,2.95,4.54,2.4,3.28,3.43
600134,2023,3.17,4.16,3.83,5.0,3.35
600085,2021,4.9,5.0,5.0,4.51,5.0
600185,2022,2.73,2.13,3.78,2.65,2.38
600039,2013,3.63,3.87,3.39,2.58,3.14
600007,2018,2.91,1.69,2.79,3.23,3.83
600088,2019,4.24,3.8,3.3,3.04,3.23
600008,2021,2.83,3.7,3.27,3.27,3.2
600001,2017,2.33,3.39,2.55,2.39,2.17
600044,2014,3.17,2.64,2.83,2.53,3.54
600177,2021,3.23,3.46,3.35,1.99,3.79
600023,2017,2.61,1.79,2.24,2.26,1.83
600111,2017,2.28,2.33,1.35,1.38,1.74
600090,2013,2.17,1.59,2.05,1.26,1.27
600105,2023,3.13,2.05,3.71,3.36,3.41
600094,2021,2.72,2.13,2.78,3.44,2.71
600190,2020,2.73,3.45,2.24,2.27,2.95
600066,2021,3.56,2.13,2.79,2.53,3.38
600095,2014,2.68,2.76,1.32,2.49,2.05
600045,2019,2.9,3.58,2.44,2.65,2.99
600008,2013,3.21,3.92,3.07,3.37,2.83
600016,2016,2.55,2.45,1.55,2.15,1.67
600040,2020,3.76,3.84,3.8,3.34,3.47
600082,2021,2.13,2.04,1.96,2.52,2.86
600105,2014,2.77,2.74,2.46,2.01,2.35
600178,2013,2.7,1.46,2.1,2.16,2.19
600170,2014,2.3,2.71,2.35,1.31,3.19
600032,2017,3.12,4.32,2.8,2.6,3.03
600152,2023,3.4,3.92,3.03,3.33,2.49
600011,2014,2.57,2.64,1.36,1.02,3.21
600139,2019,4.29,2.58,3.04,3.79,3.26
600092,2021,3.81,2.81,2.0,2.83,1.39
600114,2022,4.36,4.12,4.78,3.86,2.94
600123,2018,1.9,1.61,1.48,2.23,1.41
600009,2022,3.33,2.91,3.16,2.61,2.46
600098,2019,2.45,1.57,2.87,1.19,2.03
600034,2019,3.74,3.12,3.0,2.26,3.57
600175,2014,2.1,1.06,1.95,2.05,2.72
600078,2014,2.34,1.84,1.82,3.39,2.78
600183,2021,2.69,2.1,3.39,3.13,3.89
600000,2018,3.83,2.7,4.47,3.67,2.3
600074,2019,3.89,3.37,2.47,3.46,3.56
600104,2018,3.72,1.9,3.28,3.4,3.36
600111,2014,1.93,2.73,1.0,1.72,2.03
600175,2019,2.78,4.62,1.83,3.42,2.05
600063,2013,1.77,2.41,1.44,2.24,1.81
600097,2013,3.88,1.71,2.83,3.61,2.16
600007,2015,2.92,3.05,2.74,1.47,3.23
600175,2015,2.54,2.86,3.8,1.85,2.27
600071,2015,2.77,2.13,1.83,2.64,1.76
600154,2018,2.81,3.15,3.49,2.19,2.93
600189,2017,3.85,3.31,3.42,2.45,2.55
600026,2021,2.43,3.38,2.72,3.9,4.28
600039,2019,3.56,3.79,4.74,3.21,3.16
600133,2018,2.99,2.29,3.15,2.75,3.17
600064,2023,2.03,2.06,2.07,3.42,1.61
600102,2013,2.92,1.58,2.92,1.76,2.3
600007,2022,3.22,3.73,2.87,3.21,3.46
600184,2018,2.77,1.89,1.71,2.35,1.32
600046,2021,3.39,2.92,1.91,3.88,2.45
600143,2016,3.74,3.4,2.75,3.1,2.24
600006,2017,3.23,3.77,3.69,3.46,1.0
600153,2018,3.86,3.45,3.0,3.46,3.03
